{
  "n_samples": 13122,
  "n_test": 10498,
  "n_folds": 5,
  "horizon_days": 21,
  "base_rate": 0.5727023319615913,
  "accuracy": 0.5590588683558773,
  "auc": 0.4655385280393181,
  "brier": 0.25443894493987196,
  "log_loss": 0.7044233886534703,
  "information_coefficient": -0.06811554777229348
}